{"min_fitness": [512.0, 512.0, 512.0, 512.0, 512.0, 512.0, 512.0, 512.0, 512.0], "max_fitness": [1208.0, 1496.0, 1504.0, 2784.0, 2320.0, 2792.0, 2760.0, 7440.0, 2768.0], "mean_fitness": [603.1466666666666, 660.5866666666667, 707.8133333333334, 757.68, 860.96, 888.0266666666666, 964.4266666666666, 1067.3333333333333, 1110.5066666666667]}